China,
China,
China,
Korea, Rep.,
China,
China,
China,
China,
China,
Others,
China,
China,
China,
China,
Italy,
China,
China,
China,
China,
China,
China,
Japan,
China,
China,
China,
Iran,
China,
China,
China,
China,
Singapore,
Hong Kong,
China,
China,
China,
China,
United States,
Thailand,
Bahrain,
Taiwan,
Germany,
Kuwait,
Malaysia,
France,
China,
Vietnam,
Spain,
UK,
United Arab Emirates,
Macau,
Australia,
Canada,
Australia,
Iraq,
Australia,
Australia,
Oman,
Canada,
Croatia,
India,
Philippines,
Australia,
Austria,
Finland,
Israel,
Lebanon,
Pakistan,
Russia,
Sweden,
United States,
United States,
United States,
United States,
Afghanistan,
Algeria,
Belgium,
Brazil,
Cambodia,
Canada,
Egypt,
Georgia,
Greece,
China,
Nepal,
North Macedonia,
Norway,
Romania,
Sri Lanka,
Switzerland,
United States,
United States,
United States,
United States,
United States,
United States,
United States,
United States,
United States,
United States,
United States,
United States,
China,
Korea, Rep.,
China,
China,
China,
China,
China,
China,
China,
Others,
Italy,
China,
China,
China,
China,
China,
China,
China,
China,
China,
Iran,
China,
Japan,
China,
China,
China,
China,
China,
China,
China,
Singapore,
Hong Kong,
China,
China,
China,
China,
Germany,
Kuwait,
United States,
Thailand,
France,
Bahrain,
Taiwan,
Malaysia,
China,
Vietnam,
Spain,
UK,
United Arab Emirates,
Macau,
Australia,
Switzerland,
Canada,
Iraq,
Sweden,
Australia,
Canada,
Australia,
Australia,
Oman,
Austria,
Croatia,
Greece,
India,
Israel,
Philippines,
Australia,
Finland,
Lebanon,
Pakistan,
Russia,
United States,
United States,
United States,
United States,
United States,
Afghanistan,
Algeria,
Belgium,
Brazil,
Cambodia,
Canada,
Denmark,
Egypt,
Estonia,
Georgia,
China,
Nepal,
Netherlands,
North Macedonia,
Norway,
Romania,
San Marino,
Sri Lanka,
United States,
United States,
United States,
United States,
United States,
United States,
United States,
United States,
United States,
United States,
United States,
China,
China,
China,
China,
China,
China,
China,
China,
China,
China,
Others,
China,
China,
China,
China,
China,
China,
China,
China,
China,
China,
China,
China,
China,
China,
China,
China,
Singapore,
China,
Japan,
China,
China,
Hong Kong,
Thailand,
Korea, Rep.,
Malaysia,
Taiwan,
China,
Germany,
Vietnam,
France,
Macau,
UK,
United Arab Emirates,
Australia,
Canada,
Australia,
Australia,
India,
Italy,
Philippines,
Australia,
Canada,
Russia,
Spain,
United States,
United States,
United States,
United States,
Belgium,
Cambodia,
Canada,
Egypt,
Finland,
China,
Nepal,
Sri Lanka,
Sweden,
United States,
United States,
United States,
United States,
United States,
United States,
United States,
China,
China,
China,
China,
China,
China,
China,
China,
Others,
China,
China,
China,
China,
China,
China,
China,
China,
China,
China,
China,
China,
China,
China,
China,
China,
China,
China,
Japan,
Singapore,
China,
China,
China,
Hong Kong,
Thailand,
Korea, Rep.,
Taiwan,
Malaysia,
China,
Germany,
Vietnam,
France,
Macau,
UK,
United Arab Emirates,
Australia,
Canada,
Australia,
Australia,
India,
Italy,
Philippines,
Australia,
Canada,
Iran,
Russia,
Spain,
United States,
United States,
United States,
United States,
Belgium,
Cambodia,
Canada,
Egypt,
Finland,
China,
Nepal,
Sri Lanka,
Sweden,
United States,
United States,
United States,
United States,
United States,
United States,
United States,
China,
Italy,
Iran (Islamic Republic of),
Republic of Korea,
France,
Spain,
Germany,
China,
China,
China,
China,
China,
China,
China,
Others,
China,
Japan,
China,
China,
Switzerland,
China,
China,
Norway,
Netherlands,
UK,
Sweden,
China,
China,
China,
Belgium,
United States,
Denmark,
China,
China,
Austria,
China,
United States,
China,
Singapore,
China,
United States,
China,
China,
Malaysia,
China,
China,
Hong Kong SAR,
Bahrain,
China,
United States,
Greece,
China,
China,
China,
United Arab Emirates,
Iraq,
Iceland,
Kuwait,
Egypt,
Israel,
India,
Australia,
Thailand,
San Marino,
Taipei and environs,
United States,
Czech Republic,
Lebanon,
Portugal,
Finland,
Canada,
Ireland,
Philippines,
Canada,
Brazil,
Slovenia,
Viet Nam,
Indonesia,
Romania,
occupied Palestinian territory,
Qatar,
Poland,
United States,
Algeria,
Saudi Arabia,
Australia,
Australia,
China,
Oman,
Argentina,
United States,
Pakistan,
Ecuador,
Georgia,
United States,
United States,
United States,
United States,
Croatia,
Chile,
United States,
Estonia,
United States,
United States,
Azerbaijan,
Peru,
Albania,
Macao SAR,
Russian Federation,
Belarus,
Costa Rica,
Hungary,
Latvia,
United States,
United States,
Australia,
Canada,
Mexico,
North Macedonia,
Slovakia,
South Africa,
United States,
United States,
United States,
United States,
Australia,
Maldives,
United States,
United States,
United States,
Afghanistan,
Bosnia and Herzegovina,
Dominican Republic,
French Guiana,
Luxembourg,
Malta,
New Zealand,
Serbia,
Tunisia,
United States,
Bulgaria,
Canada,
Senegal,
United States,
United States,
Bangladesh,
Colombia,
Cyprus,
Morocco,
Republic of Moldova,
United States,
United States,
United States,
United States,
United States,
Australia,
Cambodia,
Cameroon,
Faroe Islands,
Martinique,
Nigeria,
Saint Martin,
United States,
United States,
United States,
United States,
Andorra,
Armenia,
Australia,
Bhutan,
Brunei,
Burkina Faso,
Channel Islands,
Gibraltar,
Holy See,
Jordan,
Liechtenstein,
Lithuania,
China,
Monaco,
Mongolia,
Nepal,
Panama,
Paraguay,
Saint Barthelemy,
Sri Lanka,
Togo,
United States,
United States,
United States,
United States,
Ukraine,
Australia,
United States,
United States,
United States,
United States,
United States,
United States,
United States,
United States,
United States,
United States,
United States,
United States,
United States,
China,
Italy,
Iran,
Korea, South,
France,
Spain,
Germany,
China,
China,
China,
China,
China,
China,
China,
Cruise Ship,
Switzerland,
Japan,
China,
Norway,
China,
China,
Netherlands,
Sweden,
China,
United Kingdom,
Denmark,
China,
United States,
China,
China,
Belgium,
China,
Qatar,
China,
Austria,
China,
United States,
Bahrain,
Singapore,
United States,
China,
China,
Malaysia,
China,
China,
China,
China,
China,
China,
Israel,
Greece,
United States,
China,
Czechia,
Iceland,
China,
China,
China,
United Arab Emirates,
Kuwait,
Iraq,
Australia,
India,
San Marino,
Lebanon,
Egypt,
Finland,
Portugal,
Thailand,
Slovenia,
Philippines,
Taiwan*,
United States,
Romania,
Ireland,
Canada,
Canada,
Brazil,
Vietnam,
Indonesia,
United States,
Poland,
United States,
United States,
Georgia,
Chile,
United States,
United States,
Australia,
Saudi Arabia,
United States,
United States,
Algeria,
Australia,
Russia,
Argentina,
Canada,
Croatia,
Pakistan,
United States,
China,
Oman,
Ecuador,
Estonia,
United States,
Costa Rica,
Hungary,
South Africa,
United States,
Albania,
Serbia,
Azerbaijan,
Brunei,
Peru,
United States,
China,
Latvia,
Slovakia,
United States,
United States,
Australia,
Australia,
Belarus,
Colombia,
United States,
United States,
United States,
United States,
Canada,
Maldives,
Mexico,
Panama,
United States,
United States,
Afghanistan,
Bosnia and Herzegovina,
Bulgaria,
Luxembourg,
North Macedonia,
Tunisia,
United States,
United States,
Cyprus,
Malta,
United States,
United States,
Dominican Republic,
French Guiana,
Morocco,
New Zealand,
Paraguay,
United States,
United States,
United States,
United States,
Senegal,
United States,
Australia,
Bangladesh,
Cambodia,
Lithuania,
Martinique,
Moldova,
United States,
United States,
United States,
Bolivia,
Burkina Faso,
Cameroon,
Denmark,
France,
Honduras,
Nigeria,
Sri Lanka,
United States,
United States,
United States,
United Kingdom,
Andorra,
Armenia,
Australia,
Bhutan,
Canada,
China,
Congo (Kinshasa),
Cote d'Ivoire,
France,
Holy See,
Jamaica,
Jordan,
Liechtenstein,
Monaco,
Mongolia,
Nepal,
Reunion,
Togo,
Turkey,
United States,
United States,
United States,
United States,
United States,
United States,
Ukraine,
United Kingdom,
Australia,
China,
China,
United States,
United States,
United States,
United States,
United States,
United States,
United States,
occupied Palestinian territory,
China,
China,
China,
China,
China,
China,
China,
China,
China,
China,
China,
China,
China,
China,
China,
China,
China,
China,
Others,
China,
China,
China,
China,
China,
China,
China,
China,
China,
China,
China,
Hong Kong,
Singapore,
Thailand,
Japan,
Korea, Rep.,
China,
Malaysia,
Taiwan,
Germany,
Vietnam,
France,
Macau,
UK,
United Arab Emirates,
Australia,
Australia,
Australia,
Canada,
India,
Italy,
Philippines,
Australia,
Canada,
Russia,
Spain,
United States,
United States,
United States,
Belgium,
Cambodia,
Canada,
Finland,
China,
Nepal,
Sri Lanka,
Sweden,
United States,
United States,
United States,
United States,
United States,
United States,
United States,
China,
China,
China,
China,
China,
China,
China,
China,
China,
China,
China,
China,
China,
China,
China,
China,
China,
China,
Others,
China,
China,
China,
China,
China,
China,
China,
China,
China,
China,
China,
Singapore,
Hong Kong,
Thailand,
Japan,
Korea, Rep.,
Malaysia,
China,
Taiwan,
Germany,
Vietnam,
France,
Macau,
UK,
United Arab Emirates,
Australia,
Australia,
Australia,
Canada,
India,
Italy,
Philippines,
Australia,
Canada,
Russia,
Spain,
United States,
United States,
United States,
United States,
Belgium,
Cambodia,
Canada,
Finland,
China,
Nepal,
Sri Lanka,
Sweden,
United States,
United States,
United States,
United States,
United States,
United States,
United States,
China,
Korea, Rep.,
Italy,
Iran,
China,
China,
China,
China,
China,
France,
China,
Germany,
China,
Others,
China,
China,
China,
Spain,
China,
Japan,
China,
China,
China,
China,
Switzerland,
China,
China,
UK,
Netherlands,
China,
Belgium,
China,
Sweden,
Norway,
China,
Singapore,
China,
China,
China,
China,
Hong Kong,
China,
Malaysia,
Bahrain,
Austria,
China,
China,
China,
United States,
Kuwait,
United States,
Iraq,
Iceland,
Thailand,
Greece,
Taiwan,
United States,
United Arab Emirates,
India,
United States,
Australia,
Canada,
United States,
Denmark,
San Marino,
Lebanon,
Palestine,
Canada,
Israel,
United States,
Portugal,
Czech Republic,
Ireland,
China,
Vietnam,
Algeria,
Oman,
Egypt,
Finland,
United States,
Australia,
Brazil,
Ecuador,
Russia,
Croatia,
Australia,
United States,
Estonia,
Macau,
Azerbaijan,
Romania,
United States,
Argentina,
Qatar,
Australia,
Slovenia,
Belarus,
Mexico,
Pakistan,
Philippines,
United States,
French Guiana,
New Zealand,
Poland,
Saudi Arabia,
United States,
United States,
United States,
Chile,
Georgia,
Hungary,
Indonesia,
Senegal,
United States,
United States,
Australia,
Bosnia and Herzegovina,
Canada,
Malta,
North Macedonia,
Saint Barthelemy,
United States,
United States,
United States,
United States,
United States,
United States,
United States,
United States,
United States,
United States,
United States,
Dominican Republic,
Luxembourg,
Martinique,
Morocco,
United States,
United States,
United States,
United States,
United States,
United States,
United States,
United States,
United States,
United States,
United States,
United States,
United States,
United States,
United States,
United States,
Afghanistan,
Andorra,
Armenia,
Australia,
Bhutan,
Cambodia,
Cameroon,
Canada,
Canada,
Canada,
Colombia,
Costa Rica,
Faroe Islands,
Gibraltar,
Jordan,
Latvia,
Liechtenstein,
Lithuania,
China,
Monaco,
Nepal,
Nigeria,
Peru,
Serbia,
Slovakia,
South Africa,
Sri Lanka,
Togo,
Tunisia,
United States,
United States,
United States,
United States,
United States,
United States,
United States,
United States,
United States,
United States,
United States,
United States,
United States,
United States,
United States,
United States,
United States,
United States,
United States,
United States,
United States,
United States,
United States,
United States,
United States,
United States,
United States,
United States,
United States,
United States,
United States,
United States,
United States,
United States,
United States,
United States,
Ukraine,
Vatican City,
Australia,
Australia,
United States,
United States,
United States,
United States,
China,
Korea, Rep.,
Iran,
Italy,
China,
China,
China,
China,
China,
China,
China,
Others,
Germany,
France,
China,
China,
China,
China,
China,
Japan,
Spain,
China,
China,
China,
China,
China,
Switzerland,
China,
China,
UK,
China,
China,
China,
Singapore,
Netherlands,
China,
China,
Belgium,
Norway,
Hong Kong,
Sweden,
China,
Malaysia,
China,
China,
China,
Bahrain,
Kuwait,
United States,
Austria,
Thailand,
Greece,
Taiwan,
United States,
Iceland,
Iraq,
India,
United Arab Emirates,
Australia,
Canada,
Denmark,
Lebanon,
Canada,
Israel,
San Marino,
United States,
United States,
United States,
Czech Republic,
Ireland,
China,
Algeria,
Oman,
Palestine,
United States,
Vietnam,
Egypt,
Finland,
Australia,
Brazil,
Ecuador,
Portugal,
Russia,
United States,
Croatia,
Australia,
Estonia,
Macau,
Romania,
Qatar,
Australia,
Slovenia,
Azerbaijan,
Belarus,
Mexico,
Pakistan,
Philippines,
Poland,
Saudi Arabia,
United States,
United States,
United States,
Chile,
Georgia,
Indonesia,
New Zealand,
Senegal,
Australia,
North Macedonia,
Saint Barthelemy,
United States,
United States,
United States,
United States,
United States,
United States,
Argentina,
Bosnia and Herzegovina,
Canada,
Dominican Republic,
Hungary,
Luxembourg,
Morocco,
United States,
United States,
United States,
United States,
United States,
United States,
United States,
United States,
United States,
United States,
United States,
United States,
United States,
United States,
Afghanistan,
Andorra,
Armenia,
Australia,
Bhutan,
Cambodia,
Cameroon,
Canada,
Canada,
Colombia,
Costa Rica,
Faroe Islands,
Gibraltar,
Jordan,
Latvia,
Liechtenstein,
Lithuania,
China,
Monaco,
Nepal,
Nigeria,
Peru,
Serbia,
Slovakia,
South Africa,
Sri Lanka,
Togo,
Tunisia,
United States,
United States,
United States,
United States,
United States,
United States,
United States,
United States,
United States,
United States,
United States,
United States,
United States,
United States,
United States,
United States,
United States,
United States,
United States,
United States,
United States,
United States,
United States,
United States,
United States,
United States,
United States,
Ukraine,
Vatican City,
Australia,
Australia,
United States,
United States,
United States,
China,
China,
China,
China,
China,
China,
China,
China,
China,
China,
China,
China,
China,
China,
China,
China,
China,
China,
China,
China,
China,
China,
China,
China,
China,
China,
China,
China,
China,
Singapore,
Thailand,
Japan,
Hong Kong,
Korea, Rep.,
China,
Germany,
Malaysia,
Taiwan,
Macau,
Vietnam,
France,
United Arab Emirates,
Australia,
Australia,
Australia,
India,
Australia,
Canada,
Canada,
Italy,
Philippines,
Russia,
UK,
United States,
United States,
United States,
Belgium,
Cambodia,
Canada,
Finland,
China,
Nepal,
Spain,
Sri Lanka,
Sweden,
United States,
United States,
United States,
United States,
United States,
United States,
China,
China,
China,
China,
China,
China,
China,
China,
China,
China,
China,
China,
China,
China,
China,
China,
China,
China,
China,
China,
China,
China,
China,
China,
China,
China,
China,
China,
China,
Thailand,
Singapore,
Japan,
Hong Kong,
Korea, Rep.,
China,
Germany,
Taiwan,
Macau,
Malaysia,
Vietnam,
France,
United Arab Emirates,
Australia,
Australia,
Australia,
India,
Australia,
Canada,
Italy,
Philippines,
Russia,
UK,
United States,
United States,
United States,
Belgium,
Cambodia,
Canada,
Canada,
Finland,
China,
Nepal,
Spain,
Sri Lanka,
Sweden,
United States,
United States,
United States,
United States,
United States,
China,
China,
China,
China,
China,
China,
China,
China,
China,
China,
China,
China,
China,
China,
China,
China,
China,
China,
China,
China,
China,
China,
China,
China,
China,
China,
Others,
China,
China,
China,
Singapore,
Thailand,
Hong Kong,
Japan,
Korea, Rep.,
China,
Taiwan,
Malaysia,
Germany,
Vietnam,
France,
Macau,
United Arab Emirates,
Australia,
Australia,
Australia,
Canada,
India,
Italy,
Philippines,
UK,
Australia,
Canada,
Russia,
United States,
United States,
United States,
Belgium,
Cambodia,
Canada,
Finland,
China,
Nepal,
Spain,
Sri Lanka,
Sweden,
United States,
United States,
United States,
United States,
United States,
United States,
China,
China,
China,
China,
China,
China,
China,
China,
China,
China,
China,
China,
China,
China,
China,
China,
China,
China,
China,
China,
China,
China,
China,
China,
China,
China,
Others,
China,
China,
China,
Singapore,
Thailand,
Hong Kong,
Japan,
Korea, Rep.,
China,
Taiwan,
Malaysia,
Germany,
Vietnam,
France,
Macau,
United Arab Emirates,
Australia,
Australia,
Australia,
Canada,
India,
Italy,
Philippines,
UK,
Australia,
Canada,
Russia,
Spain,
United States,
United States,
United States,
Belgium,
Cambodia,
Canada,
Finland,
China,
Nepal,
Sri Lanka,
Sweden,
United States,
United States,
United States,
United States,
United States,
United States,
China,
Korea, Rep.,
Italy,
China,
China,
China,
China,
China,
Iran,
China,
China,
Others,
China,
China,
China,
China,
China,
China,
China,
China,
Japan,
China,
China,
China,
China,
China,
China,
China,
France,
Germany,
China,
Singapore,
Hong Kong,
China,
China,
Spain,
China,
China,
China,
Bahrain,
Kuwait,
United States,
Thailand,
Taiwan,
UK,
Malaysia,
Switzerland,
United Arab Emirates,
Iraq,
Norway,
China,
Vietnam,
Austria,
Canada,
Sweden,
Israel,
Lebanon,
Macau,
Netherlands,
Australia,
United States,
Canada,
Australia,
Croatia,
Greece,
Australia,
Ecuador,
Finland,
Oman,
Mexico,
Denmark,
Pakistan,
Australia,
Azerbaijan,
Czech Republic,
Georgia,
Iceland,
India,
Philippines,
Qatar,
Romania,
United States,
United States,
Australia,
Belgium,
Brazil,
Egypt,
Russia,
United States,
United States,
United States,
United States,
Afghanistan,
Algeria,
Armenia,
Belarus,
Cambodia,
Canada,
Canada,
Dominican Republic,
Estonia,
Ireland,
Lithuania,
Luxembourg,
China,
Monaco,
Nepal,
New Zealand,
Nigeria,
North Macedonia,
San Marino,
Sri Lanka,
United States,
United States,
United States,
United States,
United States,
United States,
United States,
United States,
United States,
Australia,
United States,
United States,
United States,
China,
China,
China,
China,
China,
China,
China,
China,
China,
China,
China,
China,
China,
China,
China,
China,
China,
China,
China,
China,
China,
China,
China,
China,
China,
China,
China,
China,
China,
Japan,
Thailand,
Singapore,
Hong Kong,
Korea, Rep.,
China,
Germany,
Taiwan,
Macau,
Malaysia,
France,
Vietnam,
United Arab Emirates,
Australia,
Australia,
Canada,
Australia,
Australia,
India,
Italy,
Philippines,
Russia,
UK,
United States,
Cambodia,
Canada,
Finland,
China,
Nepal,
Spain,
Sri Lanka,
Sweden,
United States,
United States,
United States,
United States,
United States,
United States,
China,
China,
China,
China,
China,
China,
China,
China,
China,
China,
China,
China,
China,
China,
China,
China,
China,
China,
China,
China,
China,
China,
China,
China,
China,
China,
China,
China,
China,
Japan,
Thailand,
Singapore,
Hong Kong,
Korea, Rep.,
China,
Germany,
Taiwan,
Macau,
Malaysia,
Vietnam,
France,
United Arab Emirates,
Australia,
Australia,
Canada,
India,
Australia,
Australia,
Italy,
Philippines,
Russia,
UK,
United States,
United States,
United States,
Cambodia,
Canada,
Finland,
China,
Nepal,
Spain,
Sri Lanka,
Sweden,
United States,
United States,
United States,
United States,
United States,
China,
China,
China,
China,
China,
China,
China,
China,
China,
China,
China,
China,
China,
China,
China,
China,
China,
China,
China,
China,
China,
China,
China,
China,
China,
China,
China,
China,
China,
Hong Kong,
Taiwan,
China,
Macau,
China,
Thailand,
Japan,
Singapore,
Korea, Rep.,
Malaysia,
France,
Germany,
Australia,
United Arab Emirates,
Australia,
United States,
United States,
Vietnam,
Canada,
Australia,
Italy,
UK,
Russia,
United States,
United States,
Nepal,
Canada,
Cambodia,
Sri Lanka,
Finland,
Philippines,
India,
Sweden,
China,
China,
China,
China,
China,
China,
China,
China,
China,
China,
China,
China,
China,
China,
China,
China,
China,
China,
China,
China,
China,
China,
China,
China,
China,
China,
China,
China,
China,
Hong Kong,
Taiwan,
China,
Macau,
China,
United States,
United States,
United States,
United States,
Japan,
Thailand,
Korea, Rep.,
Singapore,
Vietnam,
France,
Nepal,
Malaysia,
Canada,
Canada,
Cambodia,
Sri Lanka,
Australia,
Australia,
Australia,
Germany,
Finland,
United Arab Emirates,
Philippines,
India,
China,
China,
China,
China,
China,
China,
China,
China,
Others,
China,
China,
China,
China,
China,
China,
China,
China,
China,
China,
Korea, Rep.,
China,
China,
China,
China,
China,
China,
Japan,
China,
China,
Singapore,
China,
China,
China,
Hong Kong,
Thailand,
Taiwan,
Malaysia,
Italy,
Iran,
China,
Germany,
Vietnam,
France,
United States,
Macau,
UK,
United Arab Emirates,
Canada,
Australia,
United States,
Australia,
Australia,
Australia,
India,
Philippines,
Australia,
Canada,
Russia,
Spain,
United States,
United States,
United States,
United States,
United States,
Belgium,
Cambodia,
Canada,
Egypt,
Finland,
Israel,
Lebanon,
China,
Nepal,
Sri Lanka,
Sweden,
United States,
United States,
United States,
United States,
United States,
United States,
United States,
United States,
United States,
China,
China,
China,
China,
China,
China,
China,
Others,
China,
China,
China,
China,
China,
China,
China,
China,
China,
China,
China,
China,
China,
China,
China,
China,
China,
Korea, Rep.,
Japan,
China,
China,
Singapore,
China,
China,
China,
Hong Kong,
Thailand,
Taiwan,
Malaysia,
China,
Germany,
Vietnam,
France,
Macau,
UK,
United Arab Emirates,
Australia,
Canada,
Iran,
Australia,
Australia,
India,
Italy,
Philippines,
Australia,
Canada,
Russia,
Spain,
United States,
United States,
United States,
United States,
Belgium,
Cambodia,
Canada,
Egypt,
Finland,
China,
Nepal,
Sri Lanka,
Sweden,
United States,
United States,
United States,
United States,
United States,
United States,
United States,
China,
Italy,
Iran,
Spain,
Germany,
Korea, South,
France,
Switzerland,
United Kingdom,
United States,
Netherlands,
Norway,
China,
Austria,
China,
Belgium,
China,
Sweden,
United States,
China,
China,
Denmark,
China,
Japan,
China,
United States,
Cruise Ship,
Malaysia,
China,
China,
China,
China,
China,
Portugal,
Qatar,
Czechia,
Greece,
China,
Israel,
Brazil,
Finland,
China,
China,
Slovenia,
United States,
Singapore,
China,
China,
Poland,
Pakistan,
Bahrain,
Estonia,
Ireland,
Iceland,
United States,
United States,
Australia,
Chile,
Egypt,
United States,
Philippines,
Canada,
Romania,
Thailand,
China,
Indonesia,
Saudi Arabia,
China,
China,
United States,
United States,
Iraq,
China,
United States,
India,
Luxembourg,
China,
China,
China,
Kuwait,
China,
Lebanon,
Peru,
Russia,
United States,
United States,
San Marino,
Canada,
United Arab Emirates,
Australia,
China,
Mexico,
Armenia,
Australia,
Taiwan*,
China,
China,
China,
Canada,
Canada,
United States,
Slovakia,
United States,
Panama,
Argentina,
United States,
Bulgaria,
United States,
United States,
United States,
Vietnam,
Colombia,
Croatia,
Serbia,
United States,
United States,
South Africa,
Algeria,
United States,
United States,
Ecuador,
Brunei,
United States,
Albania,
United States,
Hungary,
Latvia,
Denmark,
Turkey,
United States,
United States,
Cyprus,
Sri Lanka,
Costa Rica,
Andorra,
United States,
Malta,
Morocco,
Belarus,
Georgia,
Jordan,
Cambodia,
Kazakhstan,
Venezuela,
United States,
Australia,
Moldova,
United States,
Australia,
Uruguay,
Azerbaijan,
Bosnia and Herzegovina,
North Macedonia,
Senegal,
United States,
United States,
Lithuania,
Oman,
Tunisia,
United States,
United States,
United States,
Afghanistan,
United States,
United States,
Dominican Republic,
United States,
United States,
United States,
United States,
United States,
China,
Guadeloupe,
United States,
Martinique,
United States,
Burkina Faso,
Ukraine,
Maldives,
China,
Jamaica,
New Zealand,
United States,
Bolivia,
French Guiana,
United States,
United States,
United States,
Bangladesh,
Cameroon,
United States,
Uzbekistan,
France,
Paraguay,
Reunion,
United States,
Canada,
Canada,
Canada,
Honduras,
United States,
Australia,
Canada,
Canada,
France,
Ghana,
Guyana,
Liechtenstein,
Monaco,
Rwanda,
France,
Guatemala,
United Kingdom,
Cote d'Ivoire,
Cuba,
Ethiopia,
Mongolia,
Trinidad and Tobago,
United States,
Seychelles,
Aruba,
Canada,
Congo (Kinshasa),
France,
France,
Guam,
Kenya,
Netherlands,
Nigeria,
United States,
United States,
United States,
United Kingdom,
Australia,
Barbados,
France,
Kosovo,
Montenegro,
Namibia,
Saint Lucia,
United States,
Antigua and Barbuda,
Australia,
Benin,
Bhutan,
Canada,
Central African Republic,
China,
Congo (Brazzaville),
Equatorial Guinea,
Eswatini,
France,
Gabon,
Greenland,
Guinea,
Holy See,
Liberia,
Mauritania,
Mayotte,
Nepal,
Saint Vincent and the Grenadines,
Somalia,
Sudan,
Suriname,
Tanzania,
The Bahamas,
The Gambia,
Togo,
United States,
United Kingdom,
Australia,
Guernsey,
Jersey,
Puerto Rico,
Republic of the Congo,
occupied Palestinian territory,
China,
Italy,
Iran,
Spain,
Korea, South,
Germany,
France,
Switzerland,
United Kingdom,
Netherlands,
China,
Norway,
China,
China,
Sweden,
Belgium,
Austria,
China,
China,
United States,
China,
Denmark,
United States,
Japan,
China,
Cruise Ship,
China,
China,
Malaysia,
United States,
China,
China,
China,
Qatar,
China,
Greece,
Portugal,
China,
Czechia,
China,
Finland,
Israel,
Slovenia,
China,
China,
Singapore,
Bahrain,
Estonia,
Brazil,
United States,
Iceland,
United States,
Canada,
Poland,
China,
Australia,
Ireland,
China,
United States,
Romania,
Chile,
China,
United States,
Egypt,
Thailand,
China,
Philippines,
China,
Pakistan,
United States,
Indonesia,
China,
China,
China,
Iraq,
Kuwait,
United States,
India,
Saudi Arabia,
San Marino,
United States,
Canada,
Lebanon,
United Arab Emirates,
China,
Russia,
Peru,
United States,
Luxembourg,
United States,
China,
China,
China,
Australia,
Australia,
Taiwan*,
Slovakia,
South Africa,
Vietnam,
Croatia,
Argentina,
Canada,
Panama,
Serbia,
Algeria,
Brunei,
Colombia,
United States,
Mexico,
United States,
Armenia,
Bulgaria,
United States,
Albania,
Canada,
United States,
United States,
United States,
United States,
United States,
United States,
Hungary,
United States,
United States,
United States,
Ecuador,
Belarus,
Costa Rica,
Latvia,
Cyprus,
Georgia,
United States,
Malta,
United States,
Australia,
Morocco,
United States,
Australia,
Sri Lanka,
Bosnia and Herzegovina,
United States,
Senegal,
Moldova,
United States,
Oman,
United States,
United States,
Afghanistan,
United States,
United States,
Tunisia,
United States,
China,
Denmark,
North Macedonia,
Turkey,
United States,
United States,
Jordan,
Lithuania,
United States,
United States,
United States,
Venezuela,
Azerbaijan,
Burkina Faso,
Martinique,
Maldives,
United States,
United States,
Bolivia,
China,
Dominican Republic,
French Guiana,
United States,
Jamaica,
Kazakhstan,
United States,
United States,
Reunion,
Bangladesh,
New Zealand,
Paraguay,
United States,
Uruguay,
Australia,
Cambodia,
Canada,
Canada,
Monaco,
United States,
United States,
Ukraine,
Canada,
Ghana,
Guadeloupe,
Honduras,
United States,
United Kingdom,
Uzbekistan,
Canada,
Ethiopia,
France,
Rwanda,
United States,
United States,
Cameroon,
Cuba,
Guyana,
Liechtenstein,
Trinidad and Tobago,
France,
France,
France,
Guam,
Kenya,
Puerto Rico,
Seychelles,
United States,
United States,
Andorra,
Aruba,
Australia,
Canada,
Congo (Kinshasa),
France,
Guatemala,
Jersey,
Kosovo,
Namibia,
Nigeria,
Saint Lucia,
Antigua and Barbuda,
Australia,
Benin,
Bhutan,
Canada,
Canada,
Central African Republic,
China,
Congo (Brazzaville),
Cote d'Ivoire,
Equatorial Guinea,
Eswatini,
France,
Gabon,
Greenland,
Guernsey,
Guinea,
Holy See,
Liberia,
Mauritania,
Mayotte,
Mongolia,
Nepal,
Netherlands,
Republic of the Congo,
Saint Vincent and the Grenadines,
Somalia,
Sudan,
Suriname,
Tanzania,
The Bahamas,
Togo,
United States,
United States,
United States,
United Kingdom,
United Kingdom,
Australia,
United States,
occupied Palestinian territory,
China,
China,
China,
China,
China,
China,
China,
China,
China,
China,
China,
China,
China,
China,
China,
China,
Others,
China,
China,
China,
China,
China,
China,
China,
China,
China,
China,
Singapore,
China,
China,
China,
Hong Kong,
Japan,
Thailand,
Korea, Rep.,
Malaysia,
China,
Taiwan,
Germany,
Vietnam,
France,
Macau,
UK,
United Arab Emirates,
Australia,
Australia,
Australia,
Canada,
India,
Italy,
Philippines,
Australia,
Canada,
Russia,
Spain,
United States,
United States,
United States,
United States,
Belgium,
Cambodia,
Canada,
Egypt,
Finland,
China,
Nepal,
Sri Lanka,
Sweden,
United States,
United States,
United States,
United States,
United States,
United States,
United States,
China,
China,
China,
China,
China,
China,
China,
China,
China,
China,
China,
China,
China,
China,
China,
China,
China,
China,
Others,
China,
China,
China,
China,
China,
China,
China,
China,
China,
Singapore,
China,
China,
Hong Kong,
Thailand,
Japan,
Korea, Rep.,
Malaysia,
China,
Taiwan,
Germany,
Vietnam,
France,
Macau,
UK,
United Arab Emirates,
Australia,
Australia,
Australia,
Canada,
India,
Italy,
Philippines,
Australia,
Canada,
Russia,
Spain,
United States,
United States,
United States,
United States,
Belgium,
Cambodia,
Canada,
Egypt,
Finland,
China,
Nepal,
Sri Lanka,
Sweden,
United States,
United States,
United States,
United States,
United States,
United States,
United States,
China,
China,
China,
China,
China,
China,
China,
China,
China,
China,
China,
China,
China,
China,
China,
China,
China,
China,
China,
China,
China,
China,
China,
Hong Kong,
China,
China,
China,
Macau,
China,
China,
Taiwan,
China,
China,
United States,
United States,
United States,
United States,
Japan,
Thailand,
Korea, Rep.,
Singapore,
Vietnam,
France,
Australia,
Nepal,
Malaysia,
Canada,
China,
China,
China,
China,
China,
China,
China,
China,
China,
China,
China,
China,
China,
China,
China,
China,
China,
China,
China,
China,
China,
China,
China,
China,
China,
Hong Kong,
China,
China,
China,
Macau,
China,
Taiwan,
China,
United States,
United States,
United States,
United States,
Japan,
Thailand,
Korea, Rep.,
Singapore,
Vietnam,
France,
Nepal,
Malaysia,
Canada,
Cambodia,
Sri Lanka,
Ivory Coast,
Australia,
Australia,
China,
Korea, Rep.,
Italy,
Iran,
China,
China,
China,
China,
China,
China,
China,
Others,
China,
China,
China,
China,
China,
China,
Japan,
China,
China,
France,
Germany,
China,
China,
Spain,
China,
China,
China,
China,
China,
China,
Singapore,
Hong Kong,
China,
China,
Switzerland,
UK,
China,
China,
China,
Kuwait,
Norway,
Bahrain,
Malaysia,
United States,
Thailand,
Taiwan,
Netherlands,
Iraq,
Sweden,
United States,
Austria,
India,
United Arab Emirates,
Iceland,
Belgium,
Australia,
Canada,
China,
San Marino,
Vietnam,
Israel,
Oman,
Lebanon,
Algeria,
Canada,
Australia,
United States,
Australia,
Croatia,
Denmark,
Ecuador,
Macau,
United States,
Greece,
Czech Republic,
Qatar,
United States,
United States,
Belarus,
Finland,
Ireland,
Australia,
Mexico,
Pakistan,
Portugal,
Brazil,
Romania,
Senegal,
United States,
Azerbaijan,
Georgia,
New Zealand,
Philippines,
Russia,
Saint Barthelemy,
United States,
Australia,
Egypt,
Estonia,
Hungary,
Indonesia,
United States,
United States,
United States,
United States,
United States,
United States,
United States,
United States,
United States,
United States,
Afghanistan,
Andorra,
Argentina,
Armenia,
Australia,
Australia,
Cambodia,
Canada,
Canada,
Chile,
Dominican Republic,
Faroe Islands,
Gibraltar,
Jordan,
Latvia,
Liechtenstein,
Lithuania,
Luxembourg,
China,
Monaco,
Morocco,
Nepal,
Nigeria,
North Macedonia,
Poland,
Saudi Arabia,
Sri Lanka,
Tunisia,
United States,
United States,
United States,
United States,
United States,
United States,
United States,
United States,
United States,
United States,
United States,
United States,
United States,
United States,
Ukraine,
Australia,
United States,
United States,
United States,
China,
Korea, Rep.,
Italy,
Iran,
China,
China,
China,
China,
China,
China,
China,
Others,
China,
China,
China,
Germany,
China,
China,
France,
Japan,
China,
China,
China,
Spain,
China,
China,
China,
China,
China,
China,
China,
China,
Singapore,
UK,
Switzerland,
Hong Kong,
China,
Sweden,
China,
Norway,
Netherlands,
China,
China,
China,
Kuwait,
Bahrain,
United States,
Belgium,
Malaysia,
Thailand,
United States,
Taiwan,
Austria,
Iraq,
Iceland,
Greece,
India,
United Arab Emirates,
Australia,
Canada,
San Marino,
United States,
China,
United States,
United States,
Israel,
Lebanon,
Oman,
Vietnam,
Australia,
Canada,
Ecuador,
Algeria,
Czech Republic,
Finland,
United States,
Australia,
Croatia,
Denmark,
Macau,
Portugal,
Qatar,
Azerbaijan,
Belarus,
Ireland,
Romania,
Australia,
Mexico,
Pakistan,
Saudi Arabia,
United States,
Brazil,
Chile,
Georgia,
Palestine,
Russia,
Senegal,
United States,
Australia,
Egypt,
Estonia,
New Zealand,
Philippines,
Saint Barthelemy,
United States,
United States,
Bosnia and Herzegovina,
Canada,
Hungary,
Indonesia,
Morocco,
Slovenia,
United States,
United States,
United States,
United States,
United States,
United States,
United States,
United States,
United States,
United States,
United States,
United States,
Afghanistan,
Andorra,
Argentina,
Armenia,
Australia,
Australia,
Cambodia,
Canada,
Dominican Republic,
Faroe Islands,
Gibraltar,
Jordan,
Latvia,
Liechtenstein,
Lithuania,
Luxembourg,
China,
Monaco,
Nepal,
Nigeria,
North Macedonia,
Poland,
South Africa,
Sri Lanka,
Tunisia,
United States,
United States,
United States,
United States,
United States,
United States,
United States,
United States,
United States,
United States,
United States,
United States,
United States,
United States,
United States,
United States,
United States,
United States,
United States,
Ukraine,
Australia,
United States,
United States,
United States,
China,
China,
China,
China,
China,
China,
China,
China,
China,
China,
China,
China,
China,
China,
China,
China,
China,
China,
China,
China,
China,
China,
China,
China,
China,
China,
China,
Japan,
China,
China,
Singapore,
Thailand,
Hong Kong,
Korea, Rep.,
China,
Taiwan,
Germany,
Malaysia,
Macau,
Vietnam,
France,
United Arab Emirates,
Australia,
Australia,
Australia,
India,
Australia,
Canada,
Canada,
Italy,
Philippines,
Russia,
UK,
United States,
United States,
United States,
Belgium,
Cambodia,
Canada,
Finland,
China,
Nepal,
Spain,
Sri Lanka,
Sweden,
United States,
United States,
United States,
United States,
United States,
United States,
China,
China,
China,
China,
China,
China,
China,
China,
China,
China,
China,
China,
China,
China,
China,
China,
China,
China,
China,
China,
China,
China,
China,
China,
China,
China,
Others,
China,
China,
China,
Singapore,
Hong Kong,
Japan,
Thailand,
Korea, Rep.,
China,
Taiwan,
Germany,
Malaysia,
Macau,
Vietnam,
France,
Australia,
United Arab Emirates,
Australia,
Australia,
Canada,
India,
Italy,
Philippines,
UK,
Australia,
Canada,
Russia,
United States,
United States,
United States,
Belgium,
Cambodia,
Canada,
Finland,
China,
Nepal,
Spain,
Sri Lanka,
Sweden,
United States,
United States,
United States,
United States,
United States,
United States,
China,
China,
China,
China,
China,
China,
China,
China,
China,
China,
China,
China,
China,
China,
China,
China,
China,
China,
China,
China,
China,
China,
China,
China,
China,
China,
China,
China,
China,
China,
China,
China,
China,
Panama,
Australia,
Croatia,
Burkina Faso,
Albania,
Canada,
Australia,
Australia,
Australia,
Australia,
United Kingdom,
Philippines,
Nepal,
Sri Lanka,
United Arab Emirates,
Thailand,
Cambodia,
San Marino,
Canada,
Australia,
Germany,
Congo (Kinshasa),
Honduras,
United States,
Algeria,
Reunion,
Oman,
Cruise Ship,
Canada,
Italy,
Iraq,
Lebanon,
Australia,
Ukraine,
Austria,
Switzerland,
Ireland,
Georgia,
Bangladesh,
Kuwait,
North Macedonia,
Brazil,
Greece,
Sweden,
Pakistan,
Norway,
France,
Turkey,
Bahrain,
Iceland,
Ecuador,
Estonia,
Denmark,
United Kingdom,
Netherlands,
Cuba,
Canada,
Nigeria,
Lithuania,
New Zealand,
Belarus,
Azerbaijan,
Armenia,
Kazakhstan,
Iran,
Israel,
France,
Australia,
Cayman Islands,
Japan,
Czechia,
Qatar,
Singapore,
Guadeloupe,
Dominican Republic,
Egypt,
Bolivia,
Canada,
Canada,
Indonesia,
Korea, South,
Latvia,
Senegal,
Ethiopia,
Sudan,
Portugal,
Andorra,
Guinea,
Antigua and Barbuda,
Belgium,
Russia,
India,
Morocco,
Aruba,
Canada,
Argentina,
Chile,
Jordan,
Kenya,
France,
France,
Poland,
Denmark,
United Kingdom,
Hungary,
Australia,
United States,
Slovenia,
Finland,
South Africa,
Bosnia and Herzegovina,
Saudi Arabia,
Cote d'Ivoire,
Luxembourg,
Costa Rica,
Canada,
Bhutan,
Spain,
Malaysia,
Holy See,
Serbia,
Cameroon,
Slovakia,
Togo,
Peru,
Romania,
Mexico,
Colombia,
United States,
Brunei,
Martinique,
French Guiana,
Malta,
Paraguay,
Moldova,
Maldives,
Bulgaria,
Tunisia,
Cyprus,
United States,
United States,
United States,
United States,
United States,
United States,
United States,
United States,
United States,
United States,
United States,
United States,
United States,
United States,
United States,
United States,
United States,
United States,
United States,
United States,
United States,
United States,
United States,
United States,
United States,
United States,
United States,
United States,
United States,
United States,
United States,
United States,
United States,
United States,
United States,
United States,
United States,
United States,
United States,
United States,
United States,
United States,
United States,
United States,
United States,
United States,
United States,
United States,
United States,
United States,
Vietnam,
Mongolia,
Jamaica,
Afghanistan,
Monaco,
Liechtenstein,
Guyana,
Taiwan*,
China,
Italy,
Iran,
Korea, South,
France,
Spain,
Germany,
China,
China,
China,
China,
China,
China,
China,
Norway,
Cruise Ship,
Switzerland,
Japan,
China,
Denmark,
Sweden,
China,
China,
Netherlands,
China,
United Kingdom,
United States,
China,
China,
United States,
China,
Belgium,
Austria,
China,
Qatar,
China,
China,
United States,
Bahrain,
Singapore,
China,
China,
Malaysia,
China,
China,
China,
Israel,
China,
China,
China,
United States,
Iceland,
Greece,
Czechia,
China,
Slovenia,
United Arab Emirates,
Kuwait,
China,
China,
China,
India,
Iraq,
Thailand,
San Marino,
Egypt,
Australia,
Lebanon,
Finland,
Portugal,
Brazil,
Philippines,
Poland,
Romania,
Taiwan*,
Canada,
United States,
Saudi Arabia,
United States,
Ireland,
Canada,
Vietnam,
United States,
Indonesia,
United States,
United States,
United States,
Russia,
United States,
Algeria,
Georgia,
United States,
Albania,
Chile,
Costa Rica,
United States,
Australia,
United States,
Australia,
Pakistan,
Argentina,
Canada,
Croatia,
Luxembourg,
Serbia,
United States,
China,
Oman,
United States,
Ecuador,
South Africa,
United States,
Estonia,
Slovakia,
United States,
Peru,
United States,
United States,
Hungary,
United States,
Belarus,
Mexico,
United States,
United States,
Azerbaijan,
Bosnia and Herzegovina,
Brunei,
Panama,
China,
Latvia,
United States,
United States,
United States,
Australia,
Australia,
Canada,
Colombia,
United States,
United States,
Maldives,
United States,
United States,
Afghanistan,
Bulgaria,
North Macedonia,
Tunisia,
Cyprus,
Malta,
Morocco,
United States,
United States,
Dominican Republic,
French Guiana,
New Zealand,
Paraguay,
United States,
United States,
United States,
United States,
United States,
Armenia,
Senegal,
Australia,
Bangladesh,
Cambodia,
Cuba,
Lithuania,
Martinique,
Moldova,
Bolivia,
Burkina Faso,
Cameroon,
Denmark,
France,
Honduras,
Jamaica,
Monaco,
Nigeria,
Sri Lanka,
United States,
United States,
United States,
United States,
United Kingdom,
Andorra,
Australia,
Bhutan,
Canada,
China,
Congo (Kinshasa),
Cote d'Ivoire,
France,
Guyana,
Holy See,
Jordan,
Liechtenstein,
Mongolia,
Nepal,
Reunion,
Togo,
Turkey,
United States,
United States,
United States,
United States,
United States,
United States,
United States,
Ukraine,
United Kingdom,
Australia,
China,
China,
United States,
United States,
United States,
United States,
occupied Palestinian territory,
China,
China,
China,
China,
China,
China,
China,
China,
China,
China,
China,
China,
Hong Kong,
China,
China,
China,
China,
China,
China,
China,
Macau,
China,
China,
China,
China,
China,
China,
China,
Taiwan,
China,
China,
United States,
China,
China,
China,
Japan,
Thailand,
Korea, Rep.,
China,
China,
China,
China,
China,
China,
China,
China,
China,
China,
China,
China,
Hong Kong,
China,
China,
China,
China,
China,
China,
China,
Macau,
China,
China,
China,
China,
China,
China,
China,
Taiwan,
China,
China,
United States,
China,
China,
China,
Japan,
Thailand,
Korea, Rep.,
Singapore,
Philippines,
Malaysia,
Vietnam,
Australia,
Mexico,
Brazil,
Colombia,
China,
China,
China,
China,
China,
China,
China,
China,
China,
China,
China,
China,
China,
China,
China,
China,
China,
China,
China,
China,
Others,
China,
China,
China,
China,
China,
China,
China,
China,
China,
Hong Kong,
Singapore,
Thailand,
Korea, Rep.,
Japan,
China,
Malaysia,
Taiwan,
Germany,
Vietnam,
France,
Macau,
UK,
United Arab Emirates,
Australia,
Australia,
Australia,
Canada,
India,
Italy,
Philippines,
Australia,
Canada,
Russia,
Spain,
United States,
United States,
United States,
Belgium,
Cambodia,
Canada,
Finland,
China,
Nepal,
Sri Lanka,
Sweden,
United States,
United States,
United States,
United States,
United States,
United States,
United States,
China,
China,
China,
China,
China,
China,
China,
China,
China,
China,
China,
China,
China,
China,
China,
China,
China,
China,
China,
China,
Others,
China,
China,
China,
China,
China,
China,
China,
China,
China,
Singapore,
Hong Kong,
Thailand,
Korea, Rep.,
Japan,
China,
Malaysia,
Taiwan,
Germany,
Vietnam,
France,
Macau,
UK,
United Arab Emirates,
Australia,
Australia,
Australia,
Canada,
India,
Italy,
Philippines,
Australia,
Canada,
Russia,
Spain,
United States,
United States,
United States,
Belgium,
Cambodia,
Canada,
Finland,
China,
Nepal,
Sri Lanka,
Sweden,
United States,
United States,
United States,
United States,
United States,
United States,
China,
China,
China,
China,
China,
China,
Korea, Rep.,
China,
China,
Others,
China,
China,
China,
China,
China,
China,
Italy,
China,
China,
China,
China,
China,
Japan,
China,
China,
China,
China,
China,
Iran,
China,
China,
Singapore,
Hong Kong,
China,
China,
China,
Thailand,
United States,
Taiwan,
Bahrain,
Malaysia,
China,
Germany,
Vietnam,
France,
UK,
United Arab Emirates,
Kuwait,
Macau,
Australia,
Canada,
Spain,
Australia,
Australia,
Australia,
Canada,
India,
Philippines,
Australia,
Austria,
Oman,
Russia,
United States,
United States,
United States,
United States,
Afghanistan,
Algeria,
Belgium,
Cambodia,
Canada,
Croatia,
Egypt,
Finland,
Iraq,
Israel,
Lebanon,
China,
Nepal,
Sri Lanka,
Sweden,
Switzerland,
United States,
United States,
United States,
United States,
United States,
United States,
United States,
United States,
United States,
United States,
United States,
United States,
China,
China,
China,
China,
China,
China,
China,
Korea, Rep.,
China,
Others,
China,
China,
China,
China,
China,
China,
China,
China,
China,
China,
Italy,
China,
China,
Japan,
China,
China,
China,
China,
China,
China,
Singapore,
Hong Kong,
China,
China,
China,
Iran,
United States,
Thailand,
Taiwan,
Malaysia,
China,
Germany,
Vietnam,
UK,
United Arab Emirates,
France,
Macau,
Australia,
Canada,
Australia,
Australia,
Australia,
Canada,
India,
Philippines,
Australia,
Oman,
Russia,
Spain,
United States,
United States,
United States,
United States,
Afghanistan,
Bahrain,
Belgium,
Cambodia,
Canada,
Egypt,
Finland,
Iraq,
Israel,
Kuwait,
Lebanon,
China,
Nepal,
Sri Lanka,
Sweden,
United States,
United States,
United States,
United States,
United States,
United States,
United States,
United States,
United States,
United States,
United States,
United States,
China,
Italy,
Iran,
Spain,
Germany,
France,
Korea, South,
United States,
Switzerland,
United Kingdom,
Netherlands,
Austria,
Belgium,
Norway,
Sweden,
China,
United States,
China,
China,
Denmark,
China,
China,
United States,
China,
Japan,
Malaysia,
Portugal,
China,
United States,
Cruise Ship,
Czechia,
Israel,
China,
Brazil,
China,
Ireland,
China,
China,
China,
Qatar,
Pakistan,
United States,
Greece,
United States,
Finland,
United States,
China,
Poland,
Singapore,
Luxembourg,
United States,
Iceland,
United States,
China,
Indonesia,
Australia,
China,
United States,
Slovenia,
Bahrain,
Romania,
United States,
Saudi Arabia,
Thailand,
Estonia,
United States,
Canada,
Egypt,
China,
China,
Chile,
Peru,
Canada,
Philippines,
China,
United States,
Ecuador,
Russia,
India,
Iraq,
Turkey,
China,
China,
United States,
United States,
Lebanon,
United States,
South Africa,
Kuwait,
China,
Australia,
United Arab Emirates,
China,
China,
China,
China,
Slovakia,
United States,
Australia,
Canada,
Canada,
San Marino,
United States,
Mexico,
Armenia,
Panama,
Taiwan*,
United States,
Croatia,
Serbia,
Colombia,
United States,
Argentina,
United States,
Bulgaria,
China,
United States,
United States,
Algeria,
Latvia,
Vietnam,
United States,
United States,
Uruguay,
United States,
China,
Brunei,
China,
China,
Hungary,
Denmark,
Costa Rica,
Jordan,
Cyprus,
Albania,
Bosnia and Herzegovina,
Morocco,
United States,
Sri Lanka,
United States,
Andorra,
Malta,
Australia,
United States,
Belarus,
United States,
Moldova,
North Macedonia,
Oman,
United States,
United States,
Azerbaijan,
Kazakhstan,
United States,
United States,
United States,
United States,
Australia,
Venezuela,
Georgia,
United States,
Tunisia,
Cambodia,
United States,
Lithuania,
United States,
Dominican Republic,
United States,
Burkina Faso,
Guadeloupe,
Senegal,
United States,
United States,
United States,
Liechtenstein,
New Zealand,
Martinique,
Uzbekistan,
Afghanistan,
United States,
United States,
China,
United States,
United States,
Bangladesh,
Canada,
China,
Canada,
United States,
Ukraine,
Jamaica,
Canada,
Congo (Kinshasa),
Reunion,
Cameroon,
Maldives,
Bolivia,
Honduras,
United States,
Canada,
Cuba,
French Guiana,
Ghana,
Paraguay,
United States,
United States,
United States,
United Kingdom,
Australia,
United Kingdom,
Canada,
Cote d'Ivoire,
Guatemala,
Trinidad and Tobago,
United States,
Nigeria,
Rwanda,
Guyana,
Kenya,
Monaco,
Equatorial Guinea,
Ethiopia,
France,
Mongolia,
Seychelles,
Tanzania,
Barbados,
United States,
Aruba,
Australia,
France,
Bahamas, The,
Canada,
Congo (Brazzaville),
France,
Kyrgyzstan,
Mauritius,
Mayotte,
Montenegro,
Namibia,
Netherlands,
United States,
United Kingdom,
Benin,
Canada,
Denmark,
France,
Kosovo,
Liberia,
Mauritania,
Netherlands,
Saint Lucia,
Sudan,
United States,
United States,
United Kingdom,
Zambia,
Antigua and Barbuda,
Australia,
Bhutan,
Central African Republic,
Chad,
China,
Djibouti,
El Salvador,
Eswatini,
Fiji,
Gabon,
Gambia, The,
Guinea,
Holy See,
Nepal,
Nicaragua,
Saint Vincent and the Grenadines,
Somalia,
Suriname,
Togo,
United States,
United Kingdom,
Australia,
France,
France,
France,
France,
Greenland,
Guam,
Guernsey,
Jersey,
Puerto Rico,
Republic of the Congo,
The Bahamas,
The Gambia,
China,
Italy,
Iran,
Spain,
Germany,
France,
Korea, South,
Switzerland,
United Kingdom,
United States,
Netherlands,
Austria,
Norway,
Belgium,
China,
Sweden,
China,
China,
Denmark,
China,
United States,
China,
China,
Japan,
Malaysia,
China,
United States,
Cruise Ship,
China,
China,
China,
China,
China,
Czechia,
Qatar,
Portugal,
Israel,
Greece,
Brazil,
China,
Finland,
China,
United States,
Singapore,
Pakistan,
China,
Ireland,
Slovenia,
Australia,
United States,
Romania,
Estonia,
United States,
Bahrain,
China,
Poland,
Iceland,
China,
Chile,
Indonesia,
Canada,
United States,
Thailand,
Luxembourg,
Philippines,
United States,
Egypt,
Canada,
United States,
China,
China,
United States,
Saudi Arabia,
China,
Iraq,
United States,
India,
United States,
Russia,
China,
Peru,
Kuwait,
China,
China,
China,
Lebanon,
China,
Australia,
San Marino,
South Africa,
United Arab Emirates,
Ecuador,
Slovakia,
Taiwan*,
Turkey,
Canada,
Australia,
Canada,
China,
Colombia,
Mexico,
Bulgaria,
United States,
Panama,
United States,
United States,
Armenia,
Serbia,
United States,
Croatia,
Argentina,
United States,
United States,
United States,
China,
China,
China,
Vietnam,
Algeria,
Latvia,
United States,
Brunei,
United States,
United States,
Albania,
Denmark,
Hungary,
United States,
Jordan,
Belarus,
Sri Lanka,
United States,
Costa Rica,
Uruguay,
Cyprus,
Morocco,
United States,
United States,
United States,
United States,
Andorra,
Oman,
United States,
Bosnia and Herzegovina,
Georgia,
Malta,
Australia,
Venezuela,
Australia,
Cambodia,
Kazakhstan,
North Macedonia,
United States,
United States,
United States,
Senegal,
United States,
Moldova,
Tunisia,
United States,
Azerbaijan,
Liechtenstein,
Guadeloupe,
Lithuania,
United States,
United States,
United States,
United States,
United States,
Afghanistan,
Dominican Republic,
United States,
Burkina Faso,
New Zealand,
Martinique,
United States,
United States,
China,
United States,
United States,
United States,
Canada,
China,
United States,
Uzbekistan,
Bangladesh,
United States,
Ukraine,
Jamaica,
Maldives,
Bolivia,
Canada,
Reunion,
Canada,
French Guiana,
Paraguay,
United States,
United States,
Australia,
Cameroon,
Canada,
Honduras,
United States,
Canada,
Nigeria,
Rwanda,
United Kingdom,
Cuba,
Ghana,
Guyana,
Monaco,
Trinidad and Tobago,
Cote d'Ivoire,
Ethiopia,
Guatemala,
Mongolia,
United States,
United States,
United Kingdom,
United States,
United States,
Aruba,
Congo (Kinshasa),
Equatorial Guinea,
Seychelles,
Australia,
Canada,
France,
France,
France,
Kenya,
Kyrgyzstan,
Mauritius,
Mayotte,
Netherlands,
Tanzania,
Barbados,
Benin,
Kosovo,
Liberia,
Namibia,
Netherlands,
Saint Lucia,
Sudan,
United States,
United States,
Zambia,
Antigua and Barbuda,
Australia,
Bhutan,
Canada,
Central African Republic,
China,
Congo (Brazzaville),
Djibouti,
Eswatini,
Gabon,
Gambia, The,
Greenland,
Guinea,
Holy See,
Mauritania,
Montenegro,
Nepal,
Saint Vincent and the Grenadines,
Somalia,
Suriname,
The Bahamas,
Togo,
United States,
United States,
United Kingdom,
United Kingdom,
Australia,
France,
France,
France,
France,
Guam,
Guernsey,
Jersey,
Puerto Rico,
Republic of the Congo,
The Gambia,
China,
China,
China,
China,
China,
China,
China,
China,
China,
China,
China,
China,
China,
China,
China,
China,
China,
China,
China,
China,
China,
China,
China,
China,
China,
China,
China,
China,
China,
Taiwan,
Hong Kong,
Macau,
China,
United States,
United States,
United States,
United States,
Japan,
Thailand,
Korea, Rep.,
Singapore,
Vietnam,
France,
Nepal,
Malaysia,
Canada,
Canada,
Cambodia,
Sri Lanka,
Australia,
Australia,
Germany,
China,
China,
China,
China,
China,
China,
China,
China,
China,
China,
China,
China,
China,
China,
China,
China,
China,
China,
China,
China,
China,
China,
China,
China,
China,
China,
China,
Hong Kong,
China,
China,
Taiwan,
Macau,
China,
United States,
United States,
United States,
United States,
Japan,
Thailand,
Korea, Rep.,
Singapore,
Vietnam,
France,
Nepal,
Malaysia,
Canada,
Canada,
Cambodia,
Sri Lanka,
Australia,
Australia,
Germany,
Finland,
United Arab Emirates,
China,
Korea, Rep.,
China,
China,
China,
China,
China,
China,
Italy,
China,
Others,
China,
China,
China,
China,
China,
Iran,
China,
China,
China,
China,
China,
Japan,
China,
China,
China,
China,
China,
China,
Hong Kong,
China,
Singapore,
China,
China,
China,
China,
France,
Germany,
Kuwait,
United States,
Thailand,
Bahrain,
Taiwan,
Spain,
Malaysia,
UK,
United Arab Emirates,
China,
Vietnam,
Macau,
Australia,
Switzerland,
Canada,
Iraq,
Sweden,
Norway,
Australia,
Canada,
Croatia,
Australia,
Australia,
Greece,
Israel,
Oman,
Austria,
India,
Philippines,
Romania,
Australia,
Finland,
Lebanon,
Pakistan,
Russia,
United States,
United States,
United States,
United States,
United States,
 Azerbaijan,
Afghanistan,
Algeria,
Belarus,
Belgium,
Brazil,
Cambodia,
Canada,
Canada,
Denmark,
Egypt,
Estonia,
Georgia,
Iceland,
Lithuania,
China,
Mexico,
Nepal,
Netherlands,
New Zealand,
Nigeria,
North Ireland,
North Macedonia,
San Marino,
Sri Lanka,
United States,
United States,
United States,
United States,
United States,
United States,
United States,
United States,
United States,
United States,
United States,
China,
Korea, Rep.,
China,
China,
China,
Italy,
China,
China,
China,
China,
Others,
China,
Iran,
China,
China,
China,
China,
China,
China,
China,
China,
China,
Japan,
China,
China,
China,
China,
China,
China,
Singapore,
France,
Hong Kong,
China,
China,
Germany,
China,
China,
China,
Kuwait,
Spain,
United States,
Thailand,
Bahrain,
Taiwan,
Malaysia,
UK,
United Arab Emirates,
China,
Switzerland,
Vietnam,
Norway,
Iraq,
Sweden,
Canada,
Macau,
Australia,
Austria,
Canada,
Australia,
Israel,
Croatia,
Netherlands,
Oman,
United States,
Australia,
Greece,
Lebanon,
Mexico,
Pakistan,
Australia,
Denmark,
Finland,
India,
Philippines,
Romania,
United States,
Australia,
Brazil,
Russia,
United States,
United States,
United States,
United States,
Afghanistan,
Algeria,
Belarus,
Belgium,
Cambodia,
Canada,
Canada,
Egypt,
Estonia,
Georgia,
Iceland,
Ireland,
Lithuania,
Luxembourg,
China,
Monaco,
Nepal,
New Zealand,
Nigeria,
North Macedonia,
Qatar,
San Marino,
Sri Lanka,
United States,
United States,
United States,
United States,
United States,
United States,
United States,
United States,
United States,
Australia,
United States,
United States,
United States,
China,
Italy,
Iran,
Korea, South,
Spain,
Germany,
France,
Switzerland,
China,
China,
China,
United Kingdom,
Norway,
China,
China,
Sweden,
Netherlands,
China,
Denmark,
Japan,
China,
Cruise Ship,
Belgium,
Austria,
China,
China,
United States,
China,
United States,
China,
China,
China,
United States,
Qatar,
China,
China,
China,
China,
Malaysia,
Greece,
Finland,
Singapore,
Bahrain,
Israel,
Czechia,
Slovenia,
China,
Portugal,
China,
Iceland,
Brazil,
China,
China,
United States,
China,
China,
China,
Ireland,
China,
Romania,
Estonia,
Australia,
Philippines,
Iraq,
Egypt,
Kuwait,
Poland,
Saudi Arabia,
India,
United States,
Indonesia,
China,
Lebanon,
United Arab Emirates,
Thailand,
San Marino,
Canada,
United States,
China,
United States,
China,
China,
United States,
United States,
Canada,
United States,
Chile,
Russia,
United States,
Taiwan*,
Vietnam,
Luxembourg,
Australia,
United States,
Australia,
Serbia,
United States,
Slovakia,
Bulgaria,
United States,
Brunei,
Albania,
Croatia,
Peru,
South Africa,
Algeria,
Panama,
Argentina,
United States,
United States,
Pakistan,
Georgia,
Hungary,
Canada,
Ecuador,
Belarus,
United States,
Costa Rica,
Cyprus,
Latvia,
Mexico,
United States,
United States,
United States,
United States,
Colombia,
United States,
United States,
United States,
United States,
United States,
Australia,
Oman,
United States,
Armenia,
Bosnia and Herzegovina,
China,
Malta,
Tunisia,
Australia,
Canada,
Morocco,
United States,
United States,
Azerbaijan,
North Macedonia,
United States,
United States,
Moldova,
United States,
United States,
Afghanistan,
Dominican Republic,
Bolivia,
China,
Maldives,
Senegal,
Sri Lanka,
United States,
United States,
United States,
Denmark,
Martinique,
United States,
Jamaica,
Lithuania,
United States,
Cambodia,
United States,
Kazakhstan,
New Zealand,
Paraguay,
Reunion,
United States,
United States,
United States,
Australia,
France,
French Guiana,
Turkey,
United States,
United States,
Canada,
Cuba,
Liechtenstein,
United States,
United States,
United States,
Uruguay,
Bangladesh,
France,
Ghana,
United States,
United States,
Ukraine,
Aruba,
Burkina Faso,
Cameroon,
Canada,
Congo (Kinshasa),
France,
Honduras,
Jersey,
Monaco,
Namibia,
Nigeria,
Seychelles,
Trinidad and Tobago,
United States,
United States,
United Kingdom,
Venezuela,
Andorra,
Antigua and Barbuda,
Australia,
Australia,
Bhutan,
Canada,
Cayman Islands,
China,
Cote d'Ivoire,
Curacao,
Eswatini,
Ethiopia,
France,
Gabon,
Guadeloupe,
Guatemala,
Guernsey,
Guinea,
Guyana,
Holy See,
Jordan,
Kenya,
Mauritania,
Mongolia,
Nepal,
Rwanda,
Saint Lucia,
Saint Vincent and the Grenadines,
Sudan,
Suriname,
Togo,
United States,
United States,
United Kingdom,
Australia,
United States,
occupied Palestinian territory,
China,
Italy,
Iran,
Korea, South,
Spain,
Germany,
France,
Switzerland,
China,
China,
China,
Norway,
United Kingdom,
Netherlands,
Sweden,
China,
China,
China,
Belgium,
Denmark,
Austria,
Japan,
China,
United States,
Cruise Ship,
United States,
China,
China,
China,
China,
China,
Malaysia,
United States,
China,
Qatar,
China,
China,
China,
China,
Portugal,
Finland,
Czechia,
Greece,
Singapore,
Slovenia,
Bahrain,
Israel,
China,
China,
Brazil,
Iceland,
China,
China,
Philippines,
United States,
China,
Estonia,
Australia,
China,
China,
Romania,
Ireland,
China,
Poland,
Indonesia,
United States,
Thailand,
India,
Kuwait,
Egypt,
Iraq,
Lebanon,
Canada,
Saudi Arabia,
United States,
United States,
China,
San Marino,
United States,
United Arab Emirates,
China,
China,
China,
United States,
Canada,
United States,
Russia,
United States,
Australia,
Chile,
Luxembourg,
Taiwan*,
Australia,
Vietnam,
Slovakia,
Pakistan,
South Africa,
Brunei,
Croatia,
Algeria,
United States,
Serbia,
United States,
Argentina,
United States,
Bulgaria,
Panama,
Peru,
Albania,
Mexico,
Canada,
United States,
United States,
Colombia,
United States,
Hungary,
United States,
United States,
United States,
Georgia,
Latvia,
United States,
Ecuador,
Morocco,
United States,
Belarus,
Costa Rica,
Cyprus,
Canada,
United States,
United States,
Armenia,
Bosnia and Herzegovina,
Malta,
United States,
United States,
Australia,
Oman,
United States,
United States,
United States,
China,
Tunisia,
United States,
United States,
Australia,
United States,
Afghanistan,
United States,
United States,
Azerbaijan,
North Macedonia,
Maldives,
United States,
Lithuania,
Moldova,
United States,
United States,
Denmark,
Dominican Republic,
Sri Lanka,
Bolivia,
China,
Senegal,
Martinique,
United States,
Jamaica,
Kazakhstan,
New Zealand,
United States,
Venezuela,
Cambodia,
Jordan,
Reunion,
United States,
United States,
Australia,
Ghana,
Paraguay,
Turkey,
United States,
United States,
United States,
United States,
Bangladesh,
France,
United States,
United States,
United States,
Canada,
Cuba,
Guyana,
Liechtenstein,
United States,
Uruguay,
France,
Honduras,
United States,
United States,
United States,
Ukraine,
United Kingdom,
Aruba,
Burkina Faso,
Cameroon,
Canada,
Canada,
Congo (Kinshasa),
France,
Jersey,
Kosovo,
Monaco,
Namibia,
Nigeria,
Seychelles,
Trinidad and Tobago,
Andorra,
Antigua and Barbuda,
Australia,
Australia,
Bhutan,
Canada,
Canada,
Cayman Islands,
Central African Republic,
China,
Congo (Brazzaville),
Cote d'Ivoire,
Curacao,
Equatorial Guinea,
Eswatini,
Ethiopia,
France,
France,
Gabon,
Guadeloupe,
Guatemala,
Guernsey,
Guinea,
Holy See,
Kenya,
Mauritania,
Mongolia,
Nepal,
Rwanda,
Saint Lucia,
Saint Vincent and the Grenadines,
Sudan,
Suriname,
Togo,
United States,
United States,
United States,
United Kingdom,
Uzbekistan,
Australia,
United States,
occupied Palestinian territory,
China,
China,
China,
China,
China,
China,
China,
China,
China,
China,
China,
China,
China,
China,
China,
China,
China,
China,
China,
China,
China,
China,
China,
China,
Hong Kong,
China,
China,
China,
China,
Taiwan,
China,
Macau,
China,
United States,
United States,
Japan,
Thailand,
Korea, Rep.,
Singapore,
Vietnam,
France,
Australia,
Nepal,
Malaysia,
China,
China,
China,
China,
China,
China,
China,
China,
China,
China,
China,
China,
China,
China,
China,
China,
China,
China,
China,
China,
China,
China,
China,
Taiwan,
China,
Hong Kong,
Macau,
China,
China,
China,
China,
China,
China,
United States,
United States,
Japan,
Thailand,
Korea, Rep.,
Singapore,
Vietnam,
France,
China,
China,
China,
China,
China,
China,
China,
China,
China,
China,
China,
China,
China,
Others,
China,
China,
China,
China,
China,
China,
China,
China,
China,
China,
China,
China,
China,
Singapore,
China,
China,
China,
Japan,
Hong Kong,
Thailand,
Korea, Rep.,
Malaysia,
Taiwan,
China,
Germany,
Vietnam,
France,
Macau,
UK,
United Arab Emirates,
Australia,
Australia,
Australia,
Canada,
India,
Italy,
Philippines,
Australia,
Canada,
Russia,
Spain,
United States,
United States,
United States,
United States,
Belgium,
Cambodia,
Canada,
Egypt,
Finland,
China,
Nepal,
Sri Lanka,
Sweden,
United States,
United States,
United States,
United States,
United States,
United States,
United States,
China,
China,
China,
China,
China,
China,
China,
China,
China,
China,
China,
China,
Others,
China,
China,
China,
China,
China,
China,
China,
China,
China,
China,
China,
China,
China,
China,
Singapore,
China,
China,
China,
Japan,
Hong Kong,
Thailand,
Korea, Rep.,
Malaysia,
Taiwan,
China,
Germany,
Vietnam,
France,
Macau,
UK,
United Arab Emirates,
Australia,
Canada,
Australia,
Australia,
India,
Italy,
Philippines,
Australia,
Canada,
Russia,
Spain,
United States,
United States,
United States,
United States,
Belgium,
Cambodia,
Canada,
Egypt,
Finland,
China,
Nepal,
Sri Lanka,
Sweden,
United States,
United States,
United States,
United States,
United States,
United States,
United States,
China,
China,
China,
China,
China,
China,
China,
China,
Others,
China,
China,
China,
China,
Korea, Rep.,
China,
China,
China,
China,
China,
China,
China,
China,
China,
China,
China,
Japan,
China,
China,
China,
Singapore,
China,
China,
China,
Hong Kong,
Italy,
Thailand,
Iran,
Taiwan,
Malaysia,
China,
Germany,
Vietnam,
United Arab Emirates,
France,
United States,
Macau,
UK,
Australia,
Canada,
Australia,
United States,
Australia,
Australia,
India,
Philippines,
Australia,
Canada,
Russia,
Spain,
United States,
United States,
United States,
United States,
United States,
Belgium,
Cambodia,
Canada,
Egypt,
Finland,
Israel,
Lebanon,
China,
Nepal,
Sri Lanka,
Sweden,
United States,
United States,
United States,
United States,
United States,
United States,
United States,
United States,
United States,
China,
China,
China,
China,
China,
China,
China,
China,
Others,
China,
Korea, Rep.,
China,
China,
China,
China,
China,
China,
China,
China,
China,
China,
China,
Italy,
Japan,
China,
China,
China,
China,
China,
China,
Singapore,
China,
China,
Hong Kong,
China,
Iran,
Thailand,
Taiwan,
Malaysia,
China,
Germany,
Vietnam,
United Arab Emirates,
France,
United States,
Macau,
UK,
Australia,
Canada,
Australia,
United States,
Australia,
Australia,
India,
Philippines,
Australia,
Canada,
Russia,
Spain,
United States,
United States,
United States,
United States,
United States,
Belgium,
Cambodia,
Canada,
Egypt,
Finland,
Israel,
Lebanon,
China,
Nepal,
Sri Lanka,
Sweden,
United States,
United States,
United States,
United States,
United States,
United States,
United States,
United States,
United States,
Iraq,
China,
Italy,
Spain,
Germany,
Iran,
France,
Korea, South,
United States,
Switzerland,
United Kingdom,
Netherlands,
Austria,
Belgium,
Norway,
Sweden,
United States,
China,
China,
Denmark,
China,
United States,
Malaysia,
Portugal,
China,
China,
Japan,
China,
United States,
Czechia,
Brazil,
China,
Cruise Ship,
Israel,
Ireland,
China,
United States,
China,
United States,
United States,
China,
United States,
Pakistan,
Greece,
China,
China,
Luxembourg,
Qatar,
Finland,
Chile,
Poland,
United States,
United States,
Iceland,
United States,
Singapore,
China,
Indonesia,
Ecuador,
United States,
Turkey,
Australia,
Saudi Arabia,
Slovenia,
Thailand,
China,
Canada,
Romania,
United States,
China,
Bahrain,
Egypt,
Estonia,
Canada,
China,
China,
Russia,
China,
India,
Peru,
United States,
Philippines,
Iraq,
United States,
South Africa,
United States,
Australia,
China,
United States,
United States,
China,
Mexico,
Lebanon,
Kuwait,
United States,
Canada,
China,
San Marino,
United Arab Emirates,
Canada,
China,
Panama,
Slovakia,
Armenia,
Serbia,
Taiwan*,
China,
China,
Argentina,
Colombia,
Croatia,
Bulgaria,
China,
United States,
United States,
Australia,
United States,
United States,
United States,
Latvia,
United States,
Uruguay,
China,
Vietnam,
Algeria,
Bosnia and Herzegovina,
Costa Rica,
United States,
Hungary,
Jordan,
United States,
Denmark,
United States,
Brunei,
United States,
United States,
Morocco,
China,
Andorra,
China,
China,
Sri Lanka,
Dominican Republic,
United States,
Albania,
Belarus,
Cyprus,
North Macedonia,
Moldova,
Australia,
Malta,
United States,
Tunisia,
United States,
United States,
Cambodia,
Australia,
Kazakhstan,
Lithuania,
United States,
United States,
Oman,
United States,
Guadeloupe,
United States,
Azerbaijan,
United States,
United States,
Georgia,
United States,
Venezuela,
Burkina Faso,
New Zealand,
Senegal,
United States,
United States,
Uzbekistan,
Martinique,
United States,
Ukraine,
Liechtenstein,
Reunion,
United States,
Afghanistan,
Honduras,
United States,
United States,
Bangladesh,
Cameroon,
Canada,
United States,
United States,
China,
Congo (Kinshasa),
Canada,
China,
Rwanda,
Cuba,
Ghana,
Jamaica,
Bolivia,
Canada,
French Guiana,
United States,
Montenegro,
United States,
United States,
United States,
United Kingdom,
Maldives,
Paraguay,
Guatemala,
Mauritius,
Nigeria,
United States,
Canada,
France,
Monaco,
Australia,
Canada,
United Kingdom,
Cote d'Ivoire,
Ethiopia,
Togo,
Trinidad and Tobago,
Guyana,
Kenya,
Seychelles,
United States,
Australia,
Equatorial Guinea,
Kyrgyzstan,
Mayotte,
Mongolia,
Tanzania,
Barbados,
Netherlands,
Canada,
France,
Suriname,
Australia,
Bahamas, The,
Central African Republic,
Congo (Brazzaville),
France,
Gabon,
Madagascar,
Namibia,
Netherlands,
United States,
United Kingdom,
Benin,
Bhutan,
Canada,
Denmark,
France,
Haiti,
Kosovo,
Liberia,
Mauritania,
Saint Lucia,
Sudan,
United Kingdom,
Zambia,
Angola,
Antigua and Barbuda,
Cabo Verde,
Chad,
China,
Djibouti,
El Salvador,
Eswatini,
Fiji,
Gambia, The,
Guinea,
Holy See,
Nepal,
Netherlands,
Nicaragua,
Niger,
Papua New Guinea,
Saint Vincent and the Grenadines,
Somalia,
United States,
United Kingdom,
United Kingdom,
Zimbabwe,
Australia,
France,
France,
France,
France,
Greenland,
Guam,
Guernsey,
Jersey,
Puerto Rico,
Republic of the Congo,
The Bahamas,
The Gambia,
China,
Italy,
Spain,
Germany,
Iran,
France,
United States,
Korea, South,
Switzerland,
United Kingdom,
Netherlands,
Belgium,
Austria,
Norway,
United States,
Sweden,
China,
United States,
United States,
Denmark,
Portugal,
China,
China,
Malaysia,
Brazil,
China,
Japan,
Czechia,
China,
China,
Israel,
United States,
Ireland,
China,
United States,
Pakistan,
Cruise Ship,
Luxembourg,
Turkey,
United States,
China,
United States,
United States,
China,
China,
Chile,
Poland,
Greece,
United States,
Finland,
United States,
Ecuador,
China,
China,
Qatar,
Iceland,
Indonesia,
Australia,
Singapore,
Canada,
Thailand,
United States,
Saudi Arabia,
United States,
Slovenia,
China,
Canada,
United States,
Romania,
India,
China,
Peru,
Philippines,
Estonia,
Russia,
Bahrain,
China,
Egypt,
United States,
China,
China,
United States,
China,
United States,
South Africa,
Australia,
Australia,
Iraq,
Croatia,
Mexico,
Panama,
Colombia,
Canada,
United States,
United States,
Lebanon,
Canada,
Slovakia,
China,
Kuwait,
Serbia,
United States,
China,
Bulgaria,
United States,
Armenia,
Argentina,
United States,
Taiwan*,
United Arab Emirates,
China,
San Marino,
United States,
Algeria,
United States,
China,
United States,
China,
China,
United States,
United States,
China,
Latvia,
United States,
United States,
Costa Rica,
United States,
Dominican Republic,
Uruguay,
Hungary,
Morocco,
Vietnam,
Bosnia and Herzegovina,
China,
Denmark,
Australia,
Andorra,
United States,
Jordan,
North Macedonia,
Cyprus,
Brunei,
Lithuania,
Moldova,
Sri Lanka,
United States,
Albania,
Belarus,
China,
China,
China,
United States,
Malta,
United States,
Venezuela,
United States,
Australia,
United States,
Burkina Faso,
Tunisia,
United States,
United States,
Azerbaijan,
Cambodia,
Guadeloupe,
Kazakhstan,
United States,
New Zealand,
Oman,
Georgia,
Trinidad and Tobago,
United States,
Senegal,
Ukraine,
Reunion,
United States,
United States,
Uzbekistan,
United States,
Liechtenstein,
United States,
United States,
Martinique,
United Kingdom,
United States,
United States,
Cameroon,
Canada,
Bangladesh,
Afghanistan,
Honduras,
Congo (Kinshasa),
United States,
United States,
Nigeria,
Canada,
Cuba,
United States,
United States,
Bolivia,
Ghana,
Canada,
China,
China,
French Guiana,
Paraguay,
Canada,
Guatemala,
Rwanda,
Australia,
Jamaica,
Togo,
France,
United States,
United States,
Cote d'Ivoire,
Kyrgyzstan,
Mauritius,
Montenegro,
United States,
Maldives,
Monaco,
Canada,
Mongolia,
United Kingdom,
Australia,
Ethiopia,
United States,
Guyana,
Kenya,
Mayotte,
Seychelles,
Barbados,
Canada,
Equatorial Guinea,
Tanzania,
United States,
Netherlands,
Bahamas, The,
France,
France,
Gabon,
Suriname,
Australia,
Cabo Verde,
Central African Republic,
Congo (Brazzaville),
El Salvador,
France,
Liberia,
Madagascar,
Namibia,
Netherlands,
United Kingdom,
Zimbabwe,
Angola,
Benin,
Bhutan,
Canada,
Denmark,
Guinea,
Haiti,
Kosovo,
Mauritania,
Nicaragua,
Saint Lucia,
Sudan,
United Kingdom,
Zambia,
Antigua and Barbuda,
Canada,
Cape Verde,
Chad,
China,
Djibouti,
East Timor,
Eritrea,
Eswatini,
Fiji,
Gambia, The,
Holy See,
Nepal,
Netherlands,
Niger,
Papua New Guinea,
Saint Vincent and the Grenadines,
Somalia,
United States,
Uganda,
United Kingdom,
United Kingdom,
Australia,
France,
France,
France,
France,
Greenland,
Guam,
Guernsey,
Jersey,
Puerto Rico,
Republic of the Congo,
The Bahamas,
The Gambia,
China,
Korea, Rep.,
Italy,
Iran,
China,
China,
China,
China,
China,
China,
China,
Others,
China,
China,
China,
China,
China,
China,
China,
China,
Japan,
China,
China,
France,
Germany,
China,
China,
Spain,
China,
China,
China,
China,
Singapore,
Hong Kong,
China,
China,
China,
China,
China,
Kuwait,
Switzerland,
UK,
Bahrain,
United States,
Thailand,
Taiwan,
Malaysia,
Iraq,
Norway,
United Arab Emirates,
Netherlands,
Austria,
Sweden,
United States,
Canada,
China,
Vietnam,
Australia,
Belgium,
Lebanon,
Israel,
Oman,
Australia,
Iceland,
United States,
Macau,
San Marino,
Australia,
Canada,
Croatia,
Ecuador,
Greece,
Qatar,
Denmark,
Finland,
United States,
Algeria,
Czech Republic,
India,
Mexico,
Pakistan,
United States,
Australia,
Azerbaijan,
Georgia,
Philippines,
Romania,
Russia,
Australia,
Brazil,
Egypt,
Estonia,
Indonesia,
Ireland,
Portugal,
Senegal,
United States,
United States,
United States,
United States,
United States,
United States,
United States,
United States,
United States,
Afghanistan,
Andorra,
Argentina,
Armenia,
Australia,
Belarus,
Cambodia,
Canada,
Canada,
Chile,
Dominican Republic,
Jordan,
Latvia,
Lithuania,
Luxembourg,
China,
Monaco,
Morocco,
Nepal,
New Zealand,
Nigeria,
North Macedonia,
Saudi Arabia,
Sri Lanka,
United States,
United States,
United States,
United States,
United States,
United States,
United States,
United States,
United States,
United States,
United States,
United States,
United States,
United States,
United States,
United States,
United States,
Ukraine,
Australia,
United States,
United States,
United States,
China,
Korea, Rep.,
Italy,
Iran,
China,
China,
China,
China,
China,
China,
China,
Others,
China,
China,
China,
China,
China,
China,
China,
China,
Japan,
China,
China,
France,
China,
China,
Germany,
China,
China,
China,
China,
Spain,
Singapore,
Hong Kong,
China,
China,
China,
China,
China,
Kuwait,
Bahrain,
United States,
Thailand,
Switzerland,
Taiwan,
UK,
Malaysia,
Iraq,
Norway,
United Arab Emirates,
Austria,
China,
Netherlands,
Canada,
Vietnam,
Sweden,
United States,
Lebanon,
Israel,
Macau,
Australia,
Australia,
United States,
Belgium,
Canada,
San Marino,
Croatia,
Greece,
Australia,
Ecuador,
Finland,
Iceland,
Oman,
India,
Mexico,
Denmark,
Pakistan,
United States,
United States,
Algeria,
Australia,
Azerbaijan,
Czech Republic,
Georgia,
Philippines,
Qatar,
Romania,
Russia,
Australia,
Brazil,
Egypt,
Indonesia,
Portugal,
United States,
United States,
United States,
United States,
United States,
Afghanistan,
Andorra,
Armenia,
Australia,
Belarus,
Cambodia,
Canada,
Canada,
Dominican Republic,
Estonia,
Ireland,
Latvia,
Lithuania,
Luxembourg,
China,
Monaco,
Morocco,
Nepal,
New Zealand,
Nigeria,
North Macedonia,
Saudi Arabia,
Senegal,
Sri Lanka,
United States,
United States,
United States,
United States,
United States,
United States,
United States,
United States,
United States,
United States,
United States,
United States,
United States,
United States,
United States,
Australia,
United States,
United States,
United States,
China,
China,
China,
China,
China,
China,
China,
China,
China,
China,
China,
China,
China,
China,
China,
China,
China,
China,
China,
China,
China,
China,
China,
China,
China,
China,
China,
Japan,
Thailand,
China,
China,
Singapore,
Hong Kong,
Korea, Rep.,
Taiwan,
China,
Malaysia,
Germany,
Macau,
France,
Vietnam,
Australia,
Australia,
United Arab Emirates,
Australia,
Canada,
Italy,
Russia,
UK,
United States,
Australia,
Cambodia,
Canada,
Finland,
India,
China,
Nepal,
Philippines,
Spain,
Sri Lanka,
Sweden,
United States,
United States,
United States,
United States,
United States,
United States,
China,
Italy,
Korea, Rep.,
Iran,
China,
China,
China,
France,
Germany,
Spain,
China,
China,
China,
China,
Others,
China,
China,
China,
Japan,
China,
China,
Switzerland,
China,
Netherlands,
UK,
China,
China,
China,
Sweden,
China,
Belgium,
Norway,
China,
China,
Singapore,
China,
China,
China,
Austria,
China,
China,
Malaysia,
Hong Kong,
United States,
Bahrain,
China,
Denmark,
United States,
China,
China,
China,
Greece,
Kuwait,
Iraq,
Iceland,
Egypt,
Thailand,
Australia,
Taiwan,
United States,
United Arab Emirates,
India,
Israel,
United States,
San Marino,
Canada,
Canada,
Lebanon,
Czech Republic,
United States,
Finland,
Portugal,
Vietnam,
Brazil,
Palestine,
Ireland,
United States,
Algeria,
Philippines,
Indonesia,
United States,
China,
Qatar,
Russia,
United States,
Oman,
Poland,
Slovenia,
Australia,
Australia,
Ecuador,
Georgia,
Romania,
Saudi Arabia,
United States,
Argentina,
Croatia,
United States,
Estonia,
Macau,
Azerbaijan,
Costa Rica,
Hungary,
United States,
Chile,
United States,
United States,
Australia,
Canada,
Mexico,
Peru,
United States,
United States,
United States,
Belarus,
Latvia,
Pakistan,
United States,
United States,
United States,
Dominican Republic,
French Guiana,
New Zealand,
United States,
United States,
United States,
Afghanistan,
Australia,
Bulgaria,
Maldives,
Senegal,
United States,
United States,
United States,
United States,
United States,
United States,
United States,
Bangladesh,
Bosnia and Herzegovina,
Canada,
Luxembourg,
Malta,
North Macedonia,
Slovakia,
South Africa,
United States,
United States,
United States,
United States,
United States,
United States,
United States,
United States,
United States,
Albania,
Australia,
Cambodia,
Cameroon,
Cyprus,
Faroe Islands,
Martinique,
Morocco,
Nigeria,
St. Martin,
Tunisia,
United States,
United States,
United States,
United States,
United States,
United States,
United States,
United States,
United States,
United States,
United States,
United States,
United States,
United States,
United States,
United States,
United States,
United States,
United States,
Andorra,
Armenia,
Bhutan,
Brunei,
Colombia,
Gibraltar,
Jordan,
Liechtenstein,
Lithuania,
China,
Moldova,
Monaco,
Nepal,
Paraguay,
Saint Barthelemy,
Serbia,
Sri Lanka,
Togo,
United States,
United States,
United States,
United States,
United States,
United States,
United States,
United States,
United States,
United States,
United States,
United States,
United States,
United States,
United States,
United States,
United States,
United States,
United States,
United States,
United States,
United States,
United States,
United States,
United States,
United States,
United States,
United States,
United States,
United States,
United States,
United States,
United States,
United States,
United States,
United States,
United States,
United States,
United States,
United States,
United States,
United States,
United States,
United States,
United States,
United States,
United States,
United States,
United States,
United States,
United States,
United States,
United States,
United States,
United States,
Ukraine,
Vatican City,
Australia,
Australia,
United States,
United States,
United States,
United States,
China,
Italy,
Korea, Rep.,
Iran,
China,
China,
China,
France,
Germany,
China,
China,
China,
China,
Others,
Spain,
China,
China,
China,
Japan,
China,
China,
China,
Switzerland,
China,
China,
UK,
Netherlands,
China,
China,
Sweden,
Belgium,
Norway,
China,
China,
Singapore,
China,
China,
China,
China,
China,
Hong Kong,
Austria,
Malaysia,
China,
Bahrain,
United States,
United States,
China,
China,
China,
Greece,
Kuwait,
Iraq,
Iceland,
Thailand,
Egypt,
Taiwan,
United States,
United Arab Emirates,
India,
Israel,
Australia,
United States,
San Marino,
Denmark,
Lebanon,
Czech Republic,
United States,
Portugal,
Vietnam,
Canada,
Canada,
Finland,
Palestine,
Republic of Ireland,
United States,
Brazil,
Algeria,
Ireland,
China,
Russia,
Oman,
Slovenia,
Australia,
Qatar,
Romania,
Ecuador,
United States,
Georgia,
Argentina,
Croatia,
United States,
United States,
Australia,
Poland,
Saudi Arabia,
Estonia,
Macau,
Philippines,
Azerbaijan,
United States,
Chile,
United States,
United States,
Australia,
Hungary,
Mexico,
United States,
United States,
Belarus,
Indonesia,
Pakistan,
Peru,
United States,
United States,
Costa Rica,
Dominican Republic,
French Guiana,
New Zealand,
United States,
United States,
United States,
United States,
Afghanistan,
Bulgaria,
Canada,
Maldives,
Senegal,
United States,
United States,
United States,
United States,
United States,
Australia,
Bangladesh,
Bosnia and Herzegovina,
Canada,
Luxembourg,
Malta,
North Macedonia,
Saint Barthelemy,
Slovakia,
South Africa,
United States,
United States,
United States,
United States,
United States,
United States,
Australia,
Cambodia,
Cameroon,
Faroe Islands,
Latvia,
Martinique,
Morocco,
Tunisia,
United States,
United States,
United States,
United States,
United States,
United States,
United States,
United States,
United States,
United States,
United States,
United States,
United States,
United States,
United States,
United States,
United States,
United States,
Andorra,
Armenia,
Bhutan,
Canada,
Canada,
Colombia,
Gibraltar,
Jordan,
Liechtenstein,
Lithuania,
China,
Moldova,
Monaco,
Nepal,
Nigeria,
Paraguay,
Serbia,
Sri Lanka,
Togo,
United States,
United States,
United States,
United States,
United States,
United States,
United States,
United States,
United States,
United States,
United States,
United States,
United States,
United States,
United States,
United States,
United States,
United States,
United States,
United States,
United States,
United States,
United States,
United States,
United States,
United States,
United States,
United States,
United States,
United States,
United States,
United States,
United States,
United States,
United States,
United States,
United States,
United States,
United States,
United States,
United States,
United States,
United States,
United States,
United States,
United States,
United States,
United States,
United States,
United States,
United States,
United States,
United States,
Ukraine,
Vatican City,
Australia,
Australia,
United States,
United States,
United States,
United States,
